route,file,type,words,inbound_pages,internal_links,external_links,title,description,h1_count,canonical,schema_types,has_author,has_visible_date,has_date_modified,has_sources,quality_score,failed_checks,duplicate_title,duplicate_description
/404,404.html,utility,27,0,8,1,Sayfa Bulunamadı | Psikolog Ata Pamukçu,Aradığınız sayfa bulunamadı. Ata Pamukçu psikolojik destek sayfasına dönün veya iletişime geçin.,1,,,1,0,0,0,75,canonical;schema;inbound,0,0
/act-bdt-farki,act-bdt-farki.html,clinical-guide,390,3,11,2,ACT ve BDT Arasındaki Fark | Psikolog Ata Pamukçu,"ACT ve BDT arasındaki fark nedir? Düşünceyle çalışma, kabul, değerler, davranış değişimi ve klinik kullanım açısından sade karşılaştırma.",1,https://www.atapamukcu.com/act-bdt-farki,Answer;Article;BreadcrumbList;FAQPage;ListItem;Question;Thing,1,1,1,0,83,sources;depth,0,0
/act-nedir,act-nedir.html,clinical-guide,703,9,16,5,ACT Nedir? Kabul ve Kararlılık Terapisi | Psikolog Ata Pamukçu,"ACT nedir? Kabul, bilişsel ayrışma, değerler ve psikolojik esneklik üzerinden çalışan terapi yaklaşımını sade ve klinik olarak doğru biçimde anlatır.",1,https://www.atapamukcu.com/act-nedir,Answer;Article;BreadcrumbList;FAQPage;ListItem;Question;Thing,1,1,1,1,100,,0,0
/anda-kalma,anda-kalma.html,clinical-guide,374,1,11,2,Anda Kalma ve Dikkat Becerisi | Psikolog Ata Pamukçu,"Anda kalma nedir? Kaygı, ruminasyon ve panik döngülerinde dikkatin geçmiş, gelecek ve beden arasında nasıl sıkıştığını açıklar.",1,https://www.atapamukcu.com/anda-kalma,Answer;Article;BreadcrumbList;FAQPage;ListItem;Question;Thing,1,0,0,0,67,visible_date;date_modified;sources;depth,0,0
/anksiyete-nedir,anksiyete-nedir.html,clinical-guide,745,4,11,5,Anksiyete Nedir? Belirtileri ve Türleri | Psikolog Ata Pamukçu,"Anksiyete nedir, kaygı bozuklukları nelerdir? Anksiyetenin bedensel, zihinsel ve davranışsal belirtileri, türleri ve destek süreci.",1,https://www.atapamukcu.com/anksiyete-nedir,Answer;Article;BreadcrumbList;FAQPage;ListItem;Question;Thing,1,1,1,1,100,,0,0
/antalya-kaygi-psikolog,antalya-kaygi-psikolog.html,clinical-guide,635,5,12,2,Kaygıyla Çalışma: Antalya ve Online Görüşme | Ata Pamukçu,"Kaygı, sürekli endişe ve kaçınma döngüsü için Antalya ve online görüşme süreci. Kaygıyla çalışmanın nasıl ilerlediğini sade biçimde öğrenin.",1,https://www.atapamukcu.com/antalya-kaygi-psikolog,Answer;Article;BreadcrumbList;Country;FAQPage;ListItem;Organization;Question,1,0,1,0,75,visible_date;sources;depth,0,0
/antalya-okb-psikolog,antalya-okb-psikolog.html,clinical-guide,653,5,12,2,OKB Döngüsüyle Çalışma: Antalya ve Online | Ata Pamukçu,"OKB, takıntılı düşünceler, kontrol etme ve güvence arama döngüsü için Antalya ve online görüşme sürecini sade biçimde öğrenin.",1,https://www.atapamukcu.com/antalya-okb-psikolog,Answer;Article;BreadcrumbList;Country;FAQPage;ListItem;Organization;Question,1,1,1,0,83,sources;depth,0,0
/antalya-online-psikolog,antalya-online-psikolog.html,trust-or-navigation,549,2,12,2,Antalya’dan Online Desteğe Başlama Rehberi | Ata Pamukçu,"Antalya’dan online psikolojik desteğe nasıl başlanır? Görüşme öncesi hazırlığı, uygunluk koşullarını ve yalnızca online yürütülen süreci inceleyin.",1,https://www.atapamukcu.com/antalya-online-psikolog,Article;BreadcrumbList;ListItem;Thing,0,0,1,0,100,,0,0
/antalya-panik-atak-psikolog,antalya-panik-atak-psikolog.html,clinical-guide,471,3,12,2,Antalya’da Panik Atak Desteği | Bedensel Alarm Döngüsü,"Antalya’da panik atak, panik bozukluk ve bedensel alarm döngüsü için psikolojik destek. Panik atağın nasıl sürdüğünü ve sürecin nasıl ilerlediğini öğrenin.",1,https://www.atapamukcu.com/antalya-panik-atak-psikolog,Answer;Article;BreadcrumbList;Country;FAQPage;ListItem;Organization;Question,1,0,1,0,75,visible_date;sources;depth,0,0
/antalya-psikolog,antalya-psikolog.html,service,836,4,16,2,Antalya Psikolog | Yalnızca Online Destek | Ata Pamukçu,"Antalya’da psikolog arayan yetişkinler için yalnızca online psikolojik destek. Çalışma alanlarını, uygunluğu ve ücretsiz değerlendirme seçeneğini inceleyin.",1,https://www.atapamukcu.com/antalya-psikolog,Answer;BreadcrumbList;City;FAQPage;ListItem;PeopleAudience;Question;Service;WebPage,1,1,1,0,100,,0,0
/antalya-sosyal-kaygi-psikolog,antalya-sosyal-kaygi-psikolog.html,clinical-guide,473,5,13,2,Antalya’da Sosyal Kaygıyla Çalışma | Psikolojik Destek,"Antalya’da sosyal kaygı, sosyal fobi, utanma, yargılanma korkusu ve sosyal kaçınma döngüsü için psikolojik destek sürecini öğrenin.",1,https://www.atapamukcu.com/antalya-sosyal-kaygi-psikolog,Answer;Article;BreadcrumbList;Country;FAQPage;ListItem;Organization;Question,1,0,1,0,75,visible_date;sources;depth,0,0
/araclar/islevsel-takip,araclar/islevsel-takip.html,interactive-tool,331,9,11,3,İşlevsel Takip Formu | Tarayıcıda Çalışan Psikolojik Araç,"Tetikleyici, davranış, kısa ve uzun vadeli sonuçları birden fazla olayda izleyin; kayıtları sunucuya göndermeden CSV olarak indirin.",1,https://www.atapamukcu.com/araclar/islevsel-takip,BreadcrumbList;ListItem;Organization;Person;SoftwareApplication,1,1,1,1,100,,0,0
/araclar/kaygi-dongusu-haritasi,araclar/kaygi-dongusu-haritasi.html,interactive-tool,197,8,12,0,Kaygı Döngüsü Haritası | Mini Psikolojik Araç,"Kaygı döngüsünü tetikleyici, düşünce, beden, davranış, rahatlama ve uzun vadeli maliyet olarak haritalayan yerel mini araç.",1,https://www.atapamukcu.com/araclar/kaygi-dongusu-haritasi,Person;SoftwareApplication,0,0,1,0,100,,0,0
/araclar/panik-atak-ani-plani,araclar/panik-atak-ani-plani.html,interactive-tool,173,3,11,0,Panik Atak Anı Planı | Mini Psikolojik Araç,"Panik atak anında okunabilecek kısa kişisel plan oluşturan, veriyi sunucuya göndermeyen yerel mini araç.",1,https://www.atapamukcu.com/araclar/panik-atak-ani-plani,Person;SoftwareApplication,0,0,1,0,100,,0,0
/araclar,araclar.html,trust-or-navigation,196,81,16,1,Psikolojik Araçlar | Kaygı ve Panik İçin Mini Haritalar,"Kaygı döngüsü, kaçınma, panik ve işlevsel takip için tarayıcıda çalışan; form içeriklerini sunucuya göndermeyen psikolojik çalışma araçları.",1,https://www.atapamukcu.com/araclar,CollectionPage;Person,0,0,1,0,92,depth,0,0
/basarisizlik-korkusu,basarisizlik-korkusu.html,clinical-guide,387,1,11,2,Başarısızlık Korkusu Nedir? | Psikolog Ata Pamukçu,"Başarısızlık korkusu nasıl çalışır? Denemekten kaçınma, erteleme, mükemmeliyetçilik ve benlik değeriyle ilişkisini açıklar.",1,https://www.atapamukcu.com/basarisizlik-korkusu,Answer;Article;BreadcrumbList;FAQPage;ListItem;Question;Thing,1,0,0,0,67,visible_date;date_modified;sources;depth,0,0
/baslangic,baslangic.html,clinical-guide,202,82,11,1,Başlangıç | Psikolojik Destek İçin İlk Adım,"Psikolojik destek sürecine ilk kez başlayacak kişiler için sade başlangıç rehberi: konu seçimi, ön görüşme, online süreç ve acil durum sınırı.",1,https://www.atapamukcu.com/baslangic,Person;WebPage,0,0,1,0,67,author;visible_date;sources;depth,0,0
/bdt-nedir,bdt-nedir.html,clinical-guide,507,6,12,5,BDT Nedir? Bilişsel Davranışçı Terapi | Psikolog Ata Pamukçu,"BDT nedir? Bilişsel Davranışçı Terapi yaklaşımını düşünce, duygu, beden ve davranış döngüleri üzerinden sade ve klinik olarak ölçülü biçimde açıklar.",1,https://www.atapamukcu.com/bdt-nedir,Answer;Article;BreadcrumbList;FAQPage;ListItem;Question;Thing,1,1,1,1,92,depth,0,0
/bilissel-ayrisma,bilissel-ayrisma.html,clinical-guide,768,5,12,6,Bilişsel Ayrışma Nedir? | Psikolog Ata Pamukçu,"Bilişsel ayrışma nedir? Düşünceleri bastırmadan, onların davranışı otomatik yönetme gücünü azaltmayı anlatan klinik rehber.",1,https://www.atapamukcu.com/bilissel-ayrisma,Answer;Article;BreadcrumbList;FAQPage;ListItem;Question;Thing,1,1,1,1,100,,0,0
/bilissel-carpitmalar,bilissel-carpitmalar.html,clinical-guide,804,2,11,4,Bilişsel Çarpıtmalar Nedir? | Psikolog Ata Pamukçu,"Bilişsel çarpıtmalar nedir? Örnekleri, düşünce-davranış döngüsünü, güvenli gözlem adımlarını ve yardım eşiğini kaynaklarla açıklıyor.",1,https://www.atapamukcu.com/bilissel-carpitmalar,Answer;Article;BreadcrumbList;FAQPage;ListItem;Question;SpeakableSpecification;Thing,1,1,1,1,100,,0,0
/cbt-nedir,cbt-nedir.html,clinical-guide,552,4,13,5,CBT Nedir? BDT ile Aynı mı? | Psikolog Ata Pamukçu,"CBT nedir, BDT ile aynı mı? Cognitive Behavioral Therapy yaklaşımının düşünce, duygu, davranış ve terapi süreci açısından anlamını açıklar.",1,https://www.atapamukcu.com/cbt-nedir,Answer;Article;BreadcrumbList;FAQPage;ListItem;Question;Thing,1,1,1,1,92,depth,0,0
/davranis-analizi-nedir,davranis-analizi-nedir.html,clinical-guide,1031,6,12,4,Davranış Analizi Nedir? ABC Modeli ve Örnek,"Davranış analizi nedir? ABC modeli, işlev, olumsuz pekiştirme ve gerçek bir örnek üzerinden davranışın neden sürdüğünü adım adım öğrenin.",1,https://www.atapamukcu.com/davranis-analizi-nedir,Answer;Article;BreadcrumbList;FAQPage;ListItem;Question;Thing,1,1,1,1,100,,0,0
/davranissal-aktivasyon,davranissal-aktivasyon.html,clinical-guide,630,6,13,4,Aktivasyon Nedir? Davranışsal Aktivasyon Nasıl Uygulanır?,"Psikolojide aktivasyon nedir? Davranışsal aktivasyonun depresif geri çekilme döngüsünde nasıl uygulandığını, adımlarını ve örneklerini öğrenin.",1,https://www.atapamukcu.com/davranissal-aktivasyon,Answer;Article;BreadcrumbList;FAQPage;ListItem;Question;Thing,1,1,1,1,92,depth,0,0
/degerler-calismasi,degerler-calismasi.html,clinical-guide,716,9,11,5,Değerler Çalışması Nedir? | Psikolog Ata Pamukçu,"Değerler çalışması nedir, ACT’de nasıl yapılır? Değer ile hedef farkını, yaşam alanlarını ve değeri küçük bir davranışa çevirme adımlarını öğrenin.",1,https://www.atapamukcu.com/degerler-calismasi,Answer;Article;BreadcrumbList;FAQPage;ListItem;Question;Thing,1,1,1,1,100,,0,0
/depresyon-belirtileri,depresyon-belirtileri.html,clinical-guide,890,2,12,5,Depresyon Belirtileri Nelerdir? İşaretler ve Destek Rehberi,"Depresyon belirtileri; duygu, düşünce, beden ve davranışta nasıl görünür? İşlev kaybını, güvenlik işaretlerini ve ne zaman destek alınacağını okuyun.",1,https://www.atapamukcu.com/depresyon-belirtileri,Answer;Article;BreadcrumbList;FAQPage;ListItem;Question;SpeakableSpecification;Thing,1,1,1,1,100,,0,0
/depresyon,depresyon.html,clinical-guide,741,8,13,4,"Depresyon Belirtileri, Geri Çekilme Döngüsü ve Psikolojik Destek","Depresif belirtiler, isteksizlik, enerji düşüklüğü, hayattan zevk alamama ve geri çekilme döngüsü. Psikolojik destek süreci nasıl ilerler?",1,https://www.atapamukcu.com/depresyon,Answer;Article;BreadcrumbList;FAQPage;ListItem;Question;Thing,1,1,1,1,100,,0,0
/dusunce-kaydi,dusunce-kaydi.html,clinical-guide,868,2,12,4,"Düşünce Kaydı Nedir, Nasıl Tutulur? | Psikolog Ata Pamukçu","Düşünce kaydı nasıl tutulur? Yedi adımı, örneği, düşünce-davranış döngüsünü, güvenli kullanım sınırlarını ve yardım eşiğini öğrenin.",1,https://www.atapamukcu.com/dusunce-kaydi,Answer;Article;BreadcrumbList;FAQPage;ListItem;Question;SpeakableSpecification;Thing,1,1,1,1,100,,0,0
/editorial-ilkeler,editorial-ilkeler.html,clinical-guide,523,82,8,0,Editoryal İlkeler ve Kaynak Politikası | Psikolog Ata Pamukçu,"atapamukcu.com psikoloji içeriklerinin yazarlık, kaynak seçimi, güncelleme, klinik güvenlik, düzeltme ve yapay zekâ desteği ilkeleri.",1,https://www.atapamukcu.com/editorial-ilkeler,AboutPage;BreadcrumbList;ListItem;Thing,1,1,1,0,83,sources;depth,0,0
/enerji-dusuklugu,enerji-dusuklugu.html,clinical-guide,720,5,10,4,"Ruhsal Enerji Düşüklüğü: Neden Olur, Ne Yapılabilir?","Ruhsal enerji düşüklüğü neden olur? Fiziksel ve psikolojik olasılıkları ayırt etme, küçük adım planı ve ne zaman destek alınacağına dair rehber.",1,https://www.atapamukcu.com/enerji-dusuklugu,Answer;Article;BreadcrumbList;FAQPage;ListItem;Question;Thing,1,1,1,1,100,,0,0
/erteleme,erteleme.html,clinical-guide,801,7,12,4,Erteleme Döngüsü Nedir? Nasıl Kırılır?,"Erteleme döngüsü neden oluşur ve nasıl kırılır? Kısa vadeli rahatlama mekanizmasını, 5 uygulanabilir adımı ve ne zaman destek alınacağını öğrenin.",1,https://www.atapamukcu.com/erteleme,Answer;Article;BreadcrumbList;FAQPage;ListItem;Question;Thing,1,1,1,1,100,,0,0
/genel-kaygi,genel-kaygi.html,clinical-guide,1004,21,14,5,Genel Kaygı Nedir? Sürekli Endişe Döngüsü | Ata Pamukçu,"Genel kaygı nedir, sürekli endişe ve kontrol etme döngüsü nasıl sürer? Belirsizlik, güvence arama ve psikolojik destek sürecini sade biçimde okuyun.",1,https://www.atapamukcu.com/genel-kaygi,Answer;Article;BreadcrumbList;FAQPage;ListItem;Question;Thing,1,1,1,1,100,,0,0
/gizlilik,gizlilik.html,trust-or-navigation,222,82,6,1,Gizlilik ve Analitik Tercihleri | Ata Pamukçu,"atapamukcu.com analitik ölçümü, çerezler, ölçülen etkileşimler ve gizlilik tercihinizi değiştirme yolları hakkında bilgi.",1,https://www.atapamukcu.com/gizlilik,,0,1,0,0,75,schema;breadcrumb;depth,0,0
/hakkimda,hakkimda.html,trust-or-navigation,524,82,12,3,Hakkımda | Psikolog Ata Pamukçu,"Psikolog Ata Pamukçu hakkında: eğitim, çalışma yaklaşımı, Antalya ve online psikolojik destek süreci, kaygı, panik, OKB ve travma alanları.",1,https://www.atapamukcu.com/hakkimda,AboutPage;BreadcrumbList;CollegeOrUniversity;ListItem;Person,1,0,0,0,100,,0,0
/hayattan-zevk-alamama,hayattan-zevk-alamama.html,clinical-guide,992,3,12,6,Hayattan Zevk Alamama: Anhedoni Nedir ve Nasıl Anlaşılır?,"Hayattan zevk alamama ve anhedoni nedir? İlgi, istek ve haz farkını, geri çekilme döngüsünü ve güvenli ilk adımları öğrenin.",1,https://www.atapamukcu.com/hayattan-zevk-alamama,Answer;Article;BreadcrumbList;FAQPage;ListItem;Question;SpeakableSpecification;Thing,1,1,1,1,100,,0,0
/iliski-sorunlari,iliski-sorunlari.html,clinical-guide,521,2,11,2,İlişki Sorunları ve Psikolojik Destek | Psikolog Ata Pamukçu,"İlişki sorunları nelerdir, hangi durumlar psikolojik destek gerektirir? İletişim sorunları, güven problemleri, bağlanma döngüleri ve çift terapisi.",1,https://www.atapamukcu.com/iliski-sorunlari,Article;BreadcrumbList;ListItem;Thing,1,0,0,0,67,visible_date;date_modified;sources;depth,0,0
/,index.html,home,1237,82,41,6,Psikolog Ata Pamukçu | Antalya Online Psikolojik Destek,"Kaygı, panik, OKB, sosyal kaygı ve tekrar eden döngüler için Ata Pamukçu ile bilimsel temelli online ve Antalya merkezli psikolojik destek.",1,https://www.atapamukcu.com/,Answer;CollegeOrUniversity;Country;FAQPage;Offer;OfferCatalog;Organization;Person;Question;Service,1,0,0,0,100,,0,0
/kabul-ne-demek,kabul-ne-demek.html,clinical-guide,681,4,12,4,Kabul Ne Demek? Psikolojide Kabul ve Kabullenme,"Kabul ne demek, kabullenmek ne anlama gelir? Psikolojide kabulün teslimiyet, onaylama ve pasiflikten farkını örneklerle öğrenin.",1,https://www.atapamukcu.com/kabul-ne-demek,Answer;Article;BreadcrumbList;FAQPage;ListItem;Question;Thing,1,1,1,1,92,depth,0,0
/kabul-ve-kararlilik-terapisi,kabul-ve-kararlilik-terapisi.html,clinical-guide,485,6,13,5,Kabul ve Kararlılık Terapisi Nedir? | Psikolog Ata Pamukçu,"Kabul ve Kararlılık Terapisi nedir? Kabul, değerler, ayrışma ve kararlı eylem süreçlerini klinik olarak ölçülü biçimde açıklar.",1,https://www.atapamukcu.com/kabul-ve-kararlilik-terapisi,Answer;Article;BreadcrumbList;FAQPage;ListItem;Question;Thing,1,1,1,1,92,depth,0,0
/karar-verememe,karar-verememe.html,clinical-guide,648,1,11,4,Karar Verememe ve Sürekli Düşünme | Psikolog Ata Pamukçu,"Karar verememe neden olur? Belirsizlik, hata korkusu, güvence arama ve sürekli düşünme döngüsünü sade biçimde açıklar.",1,https://www.atapamukcu.com/karar-verememe,Answer;Article;BreadcrumbList;FAQPage;ListItem;Question;Thing,1,1,1,1,92,depth,0,0
/kaygi-dongusu,kaygi-dongusu.html,clinical-guide,676,12,12,3,Kaygı Döngüsü: Kaçınma ve Rahatlama Döngüsü Nasıl Sürer?,"Kaygı döngüsünün tetikleyici, tehdit yorumu, bedensel alarm, kaçınma ve kısa vadeli rahatlamayla nasıl sürdüğünü örneklerle anlayın.",1,https://www.atapamukcu.com/kaygi-dongusu,Article;BreadcrumbList;ListItem,1,1,1,1,92,depth,0,0
/kendini-sabote-etmek,kendini-sabote-etmek.html,clinical-guide,660,1,11,4,Kendini Sabote Etmek Ne Demek? | Psikolog Ata Pamukçu,"Kendini sabote etmek ne demek? Kişinin değer verdiği hedeflere yaklaşırken kaçınma, erteleme ve kendini engelleme döngüsünü açıklar.",1,https://www.atapamukcu.com/kendini-sabote-etmek,Answer;Article;BreadcrumbList;FAQPage;ListItem;Question;Thing,1,1,1,1,92,depth,0,0
/kisisellestirilmis-terapi,kisisellestirilmis-terapi.html,clinical-guide,555,1,11,5,Kişiselleştirilmiş Terapi Süreci | Psikolog Ata Pamukçu,"Kişiselleştirilmiş terapi süreci nasıl ilerler? Hazır reçeteler yerine kişinin kendi döngüsüne, hedeflerine ve bağlamına göre çalışma mantığını açıklar.",1,https://www.atapamukcu.com/kisisellestirilmis-terapi,Answer;Article;BreadcrumbList;FAQPage;ListItem;Question;Thing,1,1,1,1,92,depth,0,0
/kompulsiyon-nedir,kompulsiyon-nedir.html,clinical-guide,952,6,12,5,Kompülsiyon Nedir? Belirtileri ve Örnekleri | Ata Pamukçu,"Kompülsiyon nedir? Belirtileri, görünür ve zihinsel örnekleri, obsesyondan farkı, OKB döngüsündeki işlevi ve destek seçeneklerini öğrenin.",1,https://www.atapamukcu.com/kompulsiyon-nedir,Answer;Article;BreadcrumbList;FAQPage;ListItem;Question;Thing,1,1,1,0,92,sources,0,0
/maruz-birakma-terapisi,maruz-birakma-terapisi.html,clinical-guide,742,5,15,6,Maruz Bırakma Terapisi Nedir? | Psikolog Ata Pamukçu,"Maruz bırakma terapisi nedir? Kaygı, fobi, panik, sosyal kaygı ve OKB döngülerinde kaçınmayı azaltmaya yönelik kontrollü çalışma mantığını açıklar.",1,https://www.atapamukcu.com/maruz-birakma-terapisi,Answer;Article;BreadcrumbList;FAQPage;ListItem;Question;Thing,1,1,1,1,100,,0,0
/mukemmeliyetcilik,mukemmeliyetcilik.html,clinical-guide,396,4,11,2,Mükemmeliyetçilik Nedir? | Psikolog Ata Pamukçu,"Mükemmeliyetçilik nedir? Yüksek standart, hata korkusu, erteleme ve kendini eleştirme döngüsünü klinik olarak ölçülü biçimde açıklar.",1,https://www.atapamukcu.com/mukemmeliyetcilik,Answer;Article;BreadcrumbList;FAQPage;ListItem;Question;Thing,1,0,0,0,67,visible_date;date_modified;sources;depth,0,0
/ofke-kontrolu,ofke-kontrolu.html,clinical-guide,698,2,12,4,Öfkenin Altında Yatan Duygular | Öfkeyi Anlamak,"Öfkenin altında hangi duygular olabilir? Korku, incinme, utanç ve çaresizlikle öfke ilişkisini; güvenli bir gözlem yoluyla anlayın.",1,https://www.atapamukcu.com/ofke-kontrolu,Answer;Article;BreadcrumbList;FAQPage;ListItem;Question;SpeakableSpecification;Thing,1,1,1,1,92,depth,0,0
/ogrenme-yollari/kaygi,ogrenme-yollari/kaygi.html,learning-path,346,7,15,3,"Kaygı Öğrenme Yolu | Tanı, Anla, Uygula, Takip Et","Kaygıyı genel çerçeveden işlevsel takibe kadar tanı, anla, uygula, takip et ve destek adımlarıyla sıralı biçimde öğrenin.",1,https://www.atapamukcu.com/ogrenme-yollari/kaygi,BreadcrumbList;CollectionPage;ListItem;Organization;Person,1,1,1,1,92,depth,0,0
/okb-belirtileri,okb-belirtileri.html,clinical-guide,577,6,14,5,OKB Belirtileri Nelerdir? | Psikolog Ata Pamukçu,"OKB belirtileri nelerdir, obsesyon ve kompulsiyon türleri nasıl anlaşılır? Bulaşma, kontrol, simetri, zarar takıntıları.",1,https://www.atapamukcu.com/okb-belirtileri,Answer;Article;BreadcrumbList;FAQPage;ListItem;Question;Thing,1,1,1,1,92,depth,0,0
/okb,okb.html,clinical-guide,1039,8,13,5,"OKB Nedir? Obsesyon, Kompulsiyon ve Destek","OKB’de obsesyon, kompulsiyon, güvence arama ve kontrol döngüsü nasıl işler? Üstüne gitme ve süreç odaklı psikolojik destek yaklaşımı.",1,https://www.atapamukcu.com/okb,Answer;Article;BreadcrumbList;FAQPage;ListItem;Question;Thing,1,1,1,1,100,,0,0
/online-psikolog,online-psikolog.html,service,852,26,11,4,Online Psikolog ve Psikolojik Destek | Ata Pamukçu,"Online psikolog Ata Pamukçu ile yalnızca online psikolojik destek. Çalışma alanlarını, uygunluk çerçevesini ve ücretsiz değerlendirme seçeneğini inceleyin.",1,https://www.atapamukcu.com/online-psikolog,Answer;Article;BreadcrumbList;FAQPage;ListItem;Question;Thing,1,1,1,1,100,,0,0
/online-terapi-nasil-isler,online-terapi-nasil-isler.html,trust-or-navigation,587,3,11,2,Online Terapi Nasıl İşler? | Psikolog Ata Pamukçu,"Online terapi (online psikolojik destek) nasıl işler, ilk görüşmede ne olur? Online terapi süreci, gizlilik ve sık sorulan sorular.",1,https://www.atapamukcu.com/online-terapi-nasil-isler,Article;BreadcrumbList;ListItem;Thing,1,0,0,0,100,,0,0
/ozgul-fobi,ozgul-fobi.html,clinical-guide,872,5,13,4,Özgül Fobi Nedir? Kaçınma Döngüsü ve Üstüne Gitme Çalışmaları,"Özgül fobi, belirli korkular, kaçınma döngüsü ve kademeli üstüne gitme çalışmaları. Psikolojik destek süreci nasıl planlanır?",1,https://www.atapamukcu.com/ozgul-fobi,Answer;Article;BreadcrumbList;FAQPage;ListItem;Question;Thing,1,1,1,1,100,,0,0
/panik-atak-aninda-ne-yapmali,panik-atak-aninda-ne-yapmali.html,clinical-guide,831,5,11,5,Panik Atak Anında Ne Yapmalı? | Psikolog Ata Pamukçu,"Panik atak anında ne yapmalı? Nefes teknikleri, topraklama egzersizleri ve kaygıyı beslemeyen davranışlar. Panik atağı yönetmek için pratik yöntemler.",1,https://www.atapamukcu.com/panik-atak-aninda-ne-yapmali,Article;BreadcrumbList;ListItem;Thing,1,1,1,1,100,,0,0
/panik-atak-belirtileri,panik-atak-belirtileri.html,clinical-guide,1095,8,14,6,Panik Atak Belirtileri: Bedensel Alarmı Anlamak | Ata Pamukçu,"Panik atak belirtileri, kalp çarpıntısı, nefes darlığı, göğüs sıkışması ve kontrol kaybı korkusu nasıl oluşur? Panik döngüsünü sade biçimde anlayın.",1,https://www.atapamukcu.com/panik-atak-belirtileri,Article;BreadcrumbList;ListItem;Thing,1,1,1,1,100,,0,0
/panik-atak,panik-atak.html,clinical-guide,1018,12,12,5,Panik Atak Nedir? Belirtiler ve Destek Süreci,"Panik atak belirtileri, bedensel alarm döngüsü, kaçınma ve güvenli üstüne gitme yaklaşımı. Online psikolojik destek süreci nasıl ilerler?",1,https://www.atapamukcu.com/panik-atak,Answer;Article;BreadcrumbList;FAQPage;ListItem;Question;Thing,1,1,1,1,100,,0,0
/panik-bozukluk,panik-bozukluk.html,clinical-guide,767,5,11,3,Panik Bozukluk Nedir? | Psikolog Ata Pamukçu,"Panik bozukluk nedir? Panik atak ile panik bozukluk arasındaki fark, agorafobi ve kaçınma, psikolojik destek süreci. Psikolog Ata Pamukçu.",1,https://www.atapamukcu.com/panik-bozukluk,Article;BreadcrumbList;ListItem;Thing,1,0,0,0,75,visible_date;date_modified;sources,0,0
/pbt-nedir,pbt-nedir.html,clinical-guide,709,9,13,5,PBT Nedir? Süreç Temelli Terapi Nasıl Çalışır?,"PBT nedir, ne demek? Süreç Temelli Terapi",1,https://www.atapamukcu.com/pbt-nedir,Answer;Article;BreadcrumbList;FAQPage;ListItem;Question;Thing,1,1,1,1,100,,0,0
/performans-kaygisi,performans-kaygisi.html,clinical-guide,775,3,12,5,"Performans Kaygısı: Döngü, Belirtiler ve Çalışma Rehberi","Performans kaygısı; değerlendirilme tehdidi, kendini izleme ve güvenlik davranışlarıyla nasıl sürer? Döngüyü ve güvenli çalışma adımlarını okuyun.",1,https://www.atapamukcu.com/performans-kaygisi,Answer;Article;BreadcrumbList;FAQPage;ListItem;Question;SpeakableSpecification;Thing,1,1,1,1,100,,0,0
/psikoloji-3,psikoloji-3.html,clinical-guide,175,81,9,2,"Psikoloji 3.0 | Yazılar, Rehberler ve Mini Araçlar","Psikoloji 3.0 yazıları, klinik rehberler ve mini araçlar için köprü sayfası. Kaygı, kaçınma ve psikolojik döngüleri sade biçimde okuyun.",1,https://www.atapamukcu.com/psikoloji-3,Person;WebPage,0,0,1,0,67,author;visible_date;sources;depth,0,0
/psikolojik-esneklik,psikolojik-esneklik.html,clinical-guide,705,7,15,4,Psikolojik Esneklik Nedir? Esnek Davranmak Ne Demek?,"Esnek davranmak ne demek? Psikolojik esnekliğin kabul, dikkat, değerler ve küçük davranış seçimleriyle günlük hayatta nasıl geliştiğini öğrenin.",1,https://www.atapamukcu.com/psikolojik-esneklik,Answer;Article;BreadcrumbList;FAQPage;ListItem;Question;SpeakableSpecification;Thing,1,1,1,1,100,,0,0
/psikolojik-surec-haritasi,psikolojik-surec-haritasi.html,clinical-guide,344,7,11,2,Psikolojik Süreç Haritası Nedir? | Psikolog Ata Pamukçu,"Psikolojik süreç haritası nedir? Duygu, düşünce, dikkat, davranış ve bağlam halkalarını kişiye özgü biçimde anlamayı açıklar.",1,https://www.atapamukcu.com/psikolojik-surec-haritasi,Answer;Article;BreadcrumbList;FAQPage;ListItem;Question;Thing,1,0,0,0,67,visible_date;date_modified;sources;depth,0,0
/sinav-kaygisi,sinav-kaygisi.html,clinical-guide,895,2,12,5,"Sınav Kaygısı: Belirtiler, Döngü ve Güvenli Adımlar Rehberi","Sınav kaygısı nasıl sürer? Zihinsel ve bedensel alarmı, erteleme döngüsünü, güvenli gözlem adımlarını ve destek sınırlarını öğrenin.",1,https://www.atapamukcu.com/sinav-kaygisi,Answer;Article;BreadcrumbList;FAQPage;ListItem;Question;SpeakableSpecification;Thing,1,1,1,1,100,,0,0
/site-haritasi,site-haritasi.html,trust-or-navigation,612,82,50,0,"Psikoloji Rehberleri, Uygulamalar ve Araçlar | Ata Pamukçu","Kaygı, panik, sosyal kaygı, OKB ve psikolojik esneklik için açıklayıcı rehberler, güvenli uygulamalar, çalışma araçları ve sıralı öğrenme yolları.",1,https://www.atapamukcu.com/site-haritasi,BreadcrumbList;CollectionPage;ListItem;Organization;Person,1,1,1,0,100,,0,0
/sosyal-fobi,sosyal-fobi.html,clinical-guide,796,3,11,3,Sosyal Fobi Nedir? Belirtiler ve Kaçınma Döngüsü,"Sosyal fobi (sosyal anksiyete bozukluğu) nedir? Sosyal kaygı ile fobi arasındaki fark, tanı kriterleri ve destek süreci. Psikolog Ata Pamukçu.",1,https://www.atapamukcu.com/sosyal-fobi,Article;BreadcrumbList;ListItem;Thing,1,0,0,0,75,visible_date;date_modified;sources,0,0
/sosyal-kaygi-belirtileri,sosyal-kaygi-belirtileri.html,clinical-guide,681,4,14,6,Sosyal Kaygı Belirtileri Nelerdir? | Psikolog Ata Pamukçu,"Sosyal kaygı belirtileri nelerdir, hangi bedensel ve zihinsel işaretlerle anlaşılır? Kaçınma, fiziksel belirtiler ve sosyal kaygının günlük hayattaki yansımaları.",1,https://www.atapamukcu.com/sosyal-kaygi-belirtileri,Article;BreadcrumbList;ListItem;Thing,1,1,1,1,92,depth,0,0
/sosyal-kaygi-neden-olur,sosyal-kaygi-neden-olur.html,clinical-guide,549,2,11,3,Sosyal Kaygı Neden Olur? | Psikolog Ata Pamukçu,"Sosyal kaygının nedenleri nelerdir? Biyolojik, psikolojik ve çevresel faktörler sosyal kaygıyı nasıl tetikler? Gelişimde rol oynayan tüm etkenler.",1,https://www.atapamukcu.com/sosyal-kaygi-neden-olur,Article;BreadcrumbList;ListItem;Thing,1,0,0,0,67,visible_date;date_modified;sources;depth,0,0
/sosyal-kaygi,sosyal-kaygi.html,clinical-guide,1148,9,12,5,Sosyal Kaygı Nedir? Belirtiler ve Kaçınma Döngüsü,"Sosyal kaygı belirtileri, güvenlik davranışları, kaçınma döngüsü ve psikolojik destek süreci. Sosyal fobi ile ilişkisi sade biçimde anlatılır.",1,https://www.atapamukcu.com/sosyal-kaygi,Answer;Article;BreadcrumbList;FAQPage;ListItem;Question;SpeakableSpecification;Thing,1,1,1,1,100,,0,0
/surec-temelli-terapi,surec-temelli-terapi.html,clinical-guide,377,2,11,2,Süreç Temelli Terapi Nedir? | Psikolog Ata Pamukçu,"Süreç temelli terapi nedir? Tanı etiketinden çok kişiye özgü duygu, düşünce, davranış, dikkat ve motivasyon süreçlerini açıklar.",1,https://www.atapamukcu.com/surec-temelli-terapi,Answer;Article;BreadcrumbList;FAQPage;ListItem;Question;Thing,1,0,0,0,67,visible_date;date_modified;sources;depth,0,0
/surec,surec.html,clinical-guide,219,4,11,1,Görüşme Süreci | İlk Değerlendirme ve Online Destek,"Psikolojik destek sürecinde ilk değerlendirme, davranış haritası, online görüşme ve seanslar arası çalışmanın nasıl ilerlediği.",1,https://www.atapamukcu.com/surec,Person;WebPage,0,0,1,1,75,author;visible_date;depth,0,0
/surekli-endise,surekli-endise.html,clinical-guide,913,4,12,4,Sürekli Endişe Nasıl Azalır? Döngü ve İlk Adımlar | Ata Pamukçu,"Sürekli endişe nasıl azalır? Güvence arama ve kontrol döngüsünü, problem çözmeden farkını, güvenli ilk adımları ve yardım eşiğini öğrenin.",1,https://www.atapamukcu.com/surekli-endise,Answer;Article;BreadcrumbList;FAQPage;ListItem;Question;SpeakableSpecification;Thing,1,1,1,1,100,,0,0
/takinti-hastaligi,takinti-hastaligi.html,clinical-guide,436,3,11,2,Takıntı Hastalığı (Obsesyon) Nedir? | Psikolog Ata Pamukçu,"Takıntı hastalığı nedir, obsesyonlar neden ortaya çıkar? Zorlayıcı düşünceler ve takıntılarla çalışma yaklaşımı.",1,https://www.atapamukcu.com/takinti-hastaligi,Answer;Article;BreadcrumbList;FAQPage;ListItem;Question;Thing,1,0,0,0,67,visible_date;date_modified;sources;depth,0,0
/terapi-surecinde-dongu-analizi,terapi-surecinde-dongu-analizi.html,clinical-guide,347,2,11,2,Terapi Sürecinde Döngü Analizi | Psikolog Ata Pamukçu,"Terapi sürecinde döngü analizi nedir? Sorunu başlatan olaydan çok bugün sürdüren davranış, düşünce ve sonuç halkalarını açıklar.",1,https://www.atapamukcu.com/terapi-surecinde-dongu-analizi,Answer;Article;BreadcrumbList;FAQPage;ListItem;Question;Thing,1,0,0,0,67,visible_date;date_modified;sources;depth,0,0
/travma-belirtileri,travma-belirtileri.html,clinical-guide,666,2,9,4,Travma Belirtileri Nelerdir? | Psikolog Ata Pamukçu,"Travma belirtileri nelerdir, travmatik olay sonrası görülen duygusal, bedensel ve davranışsal tepkiler.",1,https://www.atapamukcu.com/travma-belirtileri,Article;BreadcrumbList;ListItem;Thing,1,1,1,1,92,depth,0,0
/travma-kacinma,travma-kacinma.html,clinical-guide,687,2,9,4,Travmada Kaçınma Döngüsü | Psikolog Ata Pamukçu,"Travmada kaçınma döngüsü nedir, tetikleyicilerden kaçınmak sorunu nasıl büyütür? Güvenli, kademeli üstüne gitme yaklaşımı.",1,https://www.atapamukcu.com/travma-kacinma,Article;BreadcrumbList;ListItem;Thing,1,1,1,1,92,depth,0,0
/travma,travma.html,clinical-guide,1052,5,11,6,Travma Sonrası Tepkiler ve Destek Süreci | Ata Pamukçu,"Travma sonrası tetiklenme, kaçınma, bedensel alarm ve güvenli psikolojik destek süreci. Hız, sınır ve kademeli çalışma neden önemlidir?",1,https://www.atapamukcu.com/travma,Answer;Article;BreadcrumbList;FAQPage;ListItem;Question;Thing,1,1,1,1,100,,0,0
/tssb,tssb.html,clinical-guide,1004,3,11,6,TSSB Nedir? Belirtileri ve Tedavisi | Ata Pamukçu,"TSSB nedir? Travma sonrası stres belirtilerini, kaçınma döngüsünü, tanı sınırını, etkili tedavileri ve ne zaman destek alınacağını güvenle öğrenin.",1,https://www.atapamukcu.com/tssb,Answer;Article;BreadcrumbList;FAQPage;ListItem;Question;SpeakableSpecification;Thing,1,1,1,1,100,,0,0
/tukenmislik,tukenmislik.html,clinical-guide,729,2,12,4,"Tükenmişlik Belirtileri, İş Stresi ve Psikolojik Destek","Tükenmişlik nedir, nasıl anlaşılır, depresyondan nasıl ayrılır? İş yükü, ertelenen dinlenme döngüsü ve psikolojik destek süreci hakkında rehber.",1,https://www.atapamukcu.com/tukenmislik,Answer;Article;BreadcrumbList;FAQPage;ListItem;Question;Thing,1,1,1,1,100,,0,0
/ucak-korkusu,ucak-korkusu.html,clinical-guide,613,2,11,2,Uçak Korkusu Nedir? Nasıl Yenilir? | Psikolog Ata Pamukçu,"Uçak korkusu nasıl yenilir? Uçağa binme korkusu, türbülans kaygısı, kontrol kaybı endişesi ve psikolojik destek yaklaşımı.",1,https://www.atapamukcu.com/ucak-korkusu,Article;BreadcrumbList;ListItem;Thing,1,0,0,0,67,visible_date;date_modified;sources;depth,0,0
/uygulamalar/kacinma-haritasi,uygulamalar/kacinma-haritasi.html,guided-practice,413,12,11,3,Kaçınma Haritası: Kısa ve Uzun Vadeli İşlev Uygulaması,"Kaçınma davranışının o anda ne sağladığını, uzun vadede neye mal olduğunu ve küçük bir esneme adımını güvenli biçimde haritalayın.",1,https://www.atapamukcu.com/uygulamalar/kacinma-haritasi,BreadcrumbList;ListItem;Organization;Person;SoftwareApplication,1,1,1,1,100,,0,0
/uyku-sorunlari,uyku-sorunlari.html,clinical-guide,508,3,11,2,Uyku Sorunları ve Psikolojik Destek | Psikolog Ata Pamukçu,"Uyku sorunları neden olur, uykusuzluk kaygıyla nasıl ilişkilidir? Uyku hijyeni, kaygı-uyku döngüsü ve psikolojik destek.",1,https://www.atapamukcu.com/uyku-sorunlari,Article;BreadcrumbList;ListItem;Thing,1,0,0,0,67,visible_date;date_modified;sources;depth,0,0
/yasantisal-kacinma,yasantisal-kacinma.html,clinical-guide,855,8,12,5,Yaşantısal Kaçınma Nedir? Örnekleri ve Kaçınma Döngüsü,"Yaşantısal kaçınma nedir? Günlük örnekleri, kısa vadeli rahatlama döngüsünü ve kaçınmayı fark etmek için 4 adımlık güvenli kontrolü öğrenin.",1,https://www.atapamukcu.com/yasantisal-kacinma,Answer;Article;BreadcrumbList;FAQPage;ListItem;Question;SpeakableSpecification;Thing,1,1,1,1,100,,0,0
/yaygin-anksiyete-bozuklugu,yaygin-anksiyete-bozuklugu.html,clinical-guide,904,4,14,4,Yaygın Anksiyete Bozukluğu (YAB) Nedir? | Ata Pamukçu,"Yaygın anksiyete bozukluğu nedir? Sürekli endişe belirtilerini, güvence arama döngüsünü, ayrımları ve ne zaman destek alınacağını öğrenin.",1,https://www.atapamukcu.com/yaygin-anksiyete-bozuklugu,Answer;Article;BreadcrumbList;FAQPage;ListItem;Question;SpeakableSpecification;Thing,1,1,1,1,100,,0,0
/yukseklik-korkusu,yukseklik-korkusu.html,clinical-guide,833,5,13,6,Yükseklik Korkusu Nasıl Yenilir? Akrofobi Rehberi,"Yükseklik korkusu neden olur, nasıl sürer ve nasıl çalışılır? Akrofobi belirtileri, kaçınma döngüsü ve güvenli, kademeli maruz bırakma rehberi.",1,https://www.atapamukcu.com/yukseklik-korkusu,Answer;Article;BreadcrumbList;FAQPage;ListItem;Question;SpeakableSpecification;Thing,1,1,1,1,100,,0,0
